Kist,Scott,775
Devoe,Barrie,1275
Kurt,Rosanna,2638
Fugitt,Broderick,3157
Sklar,Jane,3947
Fujiwara,Myrtle,4079
Castro,Alpha,4486
Hale,Brenda,5470
Wendland,Asuncion,6312
Gheen,Celeste,7526
Skowronski,Cris,8017
Virgil,Marcelene,8039
Rollison,Aurelia,9291
Esposito,Mikki,9381
Pontes,Alan,9616
Serpa,Jessia,10754
Poppell,Jerrold,11532
Stronach,Lakia,12197
Zapien,Daniella,12499
Forcier,Carylon,12732
Falcone,Hue,13887
Toledo,Flavia,14130
Taormina,Bernarda,14361
Epperson,Zandra,15075
Van Elkington,Coreen,15989
Gist,Silvia,17588
Jurado,Lucinda,18050
Teems,Xochitl,18264
Steveson,Donnette,19206
Heart,Jonas,19673
Riche,Lorrine,20083
Mccallie,Jong,20146
Malinowski,Leonila,20328
Yule,Lizette,21164
Bible,Hilda,21564
Enderle,Britta,21598
Hockman,Evonne,21720
Jeppson,Derrick,22794
Escudero,Wanda,25181
Garrity,Tad,25464
Deramus,Jessica,25806
Cardinale,Ebony,26236
Chapdelaine,Christopher,26491
Stauffer,Elvin,29367
Kwiecien,Gema,29468
Roseborough,Carolin,29843
Quellette,Margery,31078
Kao,Antonette,31368
Boelter,Cierra,31934
Hoos,Leonore,32620
